微博id,微博正文,头条文章url,原始图片url,微博视频url,发布位置,发布时间,发布工具,点赞数,转发数,评论数
IBcgzrZYd,晚安~  爱可可-爱生活的微博视频  ,,无,无,无,2020-03-31 21:35,微博视频,36,7,1
IBcg77qa3,《爱可可老师24小时热门分享(2020.3.31)》  爱可可老师24小时热门分享(2020.3.31)  ,,无,无,无,2020-03-31 21:34,微博 weibo.com,9,4,1
IBaZ18j6W,特别时期的特别借口   原图 ,,无,无,无,2020-03-31 18:19,Mac客户端,36,8,0
IBaYoE9Kb,是你吗？  原图 ,,无,无,无,2020-03-31 18:17,Mac客户端,75,26,10
IBaXarysK,某些同学拿着代码问别人之前自己找错过程仿真：   原图 ,,无,无,无,2020-03-31 18:14,Mac客户端,59,17,9
IB9wJCkF5,"几篇论文实现代码：《TDAN: Temporally-Deformable Alignment Network for Video Super-Resolution》(CVPR 2020) GitHub:http://t.cn/A6zCbECa《Towards Discriminability and Diversity: Batch Nuclear-norm Maximization under Label Insufficient Situations》(CVPR 2020) GitHub:http://t.cn/A6ZaBOG3《iTAML : An Incremental Task-Agnostic Meta-learning Approach》(CVPR 2020) GitHub:http://t.cn/A6ZaBOGg《BachGAN: High-Resolution Image Synthesis from Salient Object Layout》(CVPR 2020) GitHub:http://t.cn/A6ZtSfQE《GraphTER: Unsupervised Learning of Graph Transformation Equivariant Representations via Auto-Encoding Node-wise Transformations》(CVPR 2020) GitHub:http://t.cn/A6ZaBOG1《Reliable evaluation of adversarial robustness with an ensemble of diverse parameter-free attacks》(2020) GitHub:http://t.cn/A6ZaBOGe《F, B, Alpha Matting》(ECCV 2020) GitHub:http://t.cn/A6ZaBOGd《DiverseDepth: Affine-invariant Depth Prediction Using Diverse Data》(2020) GitHub:http://t.cn/A6ZaBOGF《Dense Reppoints: Representing Visual Objects with Dense Point Sets》(2020) GitHub:http://t.cn/A6ZaBOGu《Exploiting Deep Generative Prior for Versatile Image Restoration and Manipulation》(2020) GitHub:http://t.cn/A6ZaBOGD [组图共8张] 原图 ",,无,无,无,2020-03-31 14:36,微博 weibo.com,29,45,11
IB9vhryr5,【简化图神经网络应用框架】'Graph-Learn(GL) - a framework designed to simplify the application of graph neural networks(GNNs)' by Alibaba GitHub: http://t.cn/A6Za19dF  ,,无,无,无,2020-03-31 14:33,Mac客户端,17,38,8
IB9rl97HB,"【文档相似度量资源列表】’Awesome Document Similarity Measures - A curated list of resources on document similarity measures (papers, tutorials, code, ...)' by Malte GitHub: http://t.cn/A6Zamns1  原图 ",,无,无,无,2020-03-31 14:23,Mac客户端,30,45,9
IB954iDPN,【Python新冠病毒仿真】’Python COVID-19 ('Corona Virus') Simulation' by Paul van Gent GitHub: http://t.cn/A6ZaNtWf  [组图共3张] 原图 ,,无,无,无,2020-03-31 13:28,Mac客户端,32,35,8
IB92azvp5,"【Top2Vec主题建模/语义搜索算法】’Top2Vec - Generate topic, document and word embeddings.' by Dimo Angelov GitHub: http://t.cn/A6Za9c1q  [组图共3张] 原图 ",,无,无,无,2020-03-31 13:21,Mac客户端,29,42,10
IB904ARRa,【新冠研究最新文献追踪工具】’covid-sanity - Aspires to help the influx of bioRxiv / medRxiv papers on COVID-19' by Andrej GitHub: http://t.cn/A6ZaodyQ  原图 ,,无,无,无,2020-03-31 13:16,Mac客户端,24,30,7
IB8WszWPA,【基于智能体的病毒危机中医院资源分配模型】'Agent-Based Modelling for Hospital Resource Allocation in Viral Crises' by Jet New GitHub: http://t.cn/A6ZaaxnZ  [组图共3张] 原图 ,,无,无,无,2020-03-31 13:07,Mac客户端,13,23,1
IB758Ckvo,【TextCaps & TextVQA：图像文本理解与问答挑战】“TextCaps”  http://t.cn/A6ZXUrcc  “TextVQA” http://t.cn/A6ZXUrct  [组图共2张] 原图 ,,无,无,无,2020-03-31 08:23,Mac客户端,9,28,3
IB6Oes0Xo,【《研究方法: 初学者循序渐进指南》样章：如何制定研究问题、如何提出假设】《Research Methodology - Sample Materials & Chapters | SAGE Publications Australia》 http://t.cn/A6ZXhYSc  [组图共2张] 原图 ,,无,无,无,2020-03-31 07:41,Mac客户端,28,44,10
IB6GidHOj,【疫情期间ACM Digital Library所有资源免费开放访问三个月(至6.30)】“ACM Digital Library” http://t.cn/Ai3n6wsC  原图 ,,无,无,无,2020-03-31 07:22,Mac客户端,50,92,5
IB6oExs6Y,【图解GNN】《An Illustrated Guide to Graph Neural Networks》by Rishabh Anand http://t.cn/A6Z6diqb  [组图共8张] 原图 ,,无,无,无,2020-03-31 06:38,Mac客户端,70,133,36
IB67zgfuJ,"《Coronavirus on Social Media: Analyzing Misinformation in Twitter Conversations》K Sharma, S Seo, C Meng, S Rambhatla, A Dua, Y Liu [University of Southern California] (2020) http://t.cn/A6Z61qmg view:http://t.cn/A6Z61qme Home:http://t.cn/A6Z61qms  [组图共3张] 原图 ",,无,无,无,2020-03-31 05:56,微博 weibo.com,23,29,2
IB67ap2ZQ,"《Comprehensive Named Entity Recognition on CORD-19 with Distant or Weak Supervision》X Wang, X Song, Y Guan, B Li, J Han [University of Illinois at Urbana-Champaign] (2020) http://t.cn/A6Z614Qm view:http://t.cn/A6Z614Qn  [组图共6张] 原图 ",,无,无,无,2020-03-31 05:55,微博 weibo.com,10,20,0
IB66FpIua,"《Unpacking Information Bottlenecks: Unifying Information-Theoretic Objectives in Deep Learning》A Kirsch, C Lyle, Y Gal [University of Oxford] (2020) http://t.cn/A6Z612El view:http://t.cn/A6Z612E0  [组图共10张] 原图 ",,无,无,无,2020-03-31 05:54,微博 weibo.com,9,17,2
IB661bSeT,"《Lightweight Photometric Stereo for Facial Details Recovery》X Wang, Y Guo, B Deng, J Zhang [University of Science and Technology of China & Cardiff University] (2020) http://t.cn/A6Z617Nk view:http://t.cn/A6Z617ND GitHub:http://t.cn/A6Z617Ne  [组图共18张] 原图 ",,无,无,无,2020-03-31 05:52,微博 weibo.com,13,27,4
IAWECt2sF,"《Learning to Fly via Deep Model-Based Reinforcement Learning》P Becker-Ehmck, M Karl, J Peters, P v d Smagt [] (2020) http://t.cn/A6ZMoLrk view:http://t.cn/A6ZMoLrF  [组图共13张] 原图 ",,无,无,无,2020-03-30 05:50,微博 weibo.com,16,17,2
IAWD5lTf2,"《Multi-Label Text Classification using Attention-based Graph Neural Network》A Pal, M Selvakumar, M Sankarasubbu [Saama AI Research] (2020) http://t.cn/A6ZMovbS view:http://t.cn/A6ZMovbo  [组图共12张] 原图 ",,无,无,无,2020-03-30 05:46,微博 weibo.com,38,84,18
IAWApzT1O,"《VIOLIN: A Large-Scale Dataset for Video-and-Language Inference》J Liu, W Chen, Y Cheng, Z Gan, L Yu, Y Yang, J Liu [CMU & University of California, Santa Barbara & Microsoft Dynamics 365 AI Research] (2020) http://t.cn/A6ZMSQxH view:http://t.cn/A6ZMSQx8 GitHub: http://t.cn/A6Z5WaXW [组图共18张] 原图 ",,无,无,无,2020-03-30 05:40,微博 weibo.com,12,11,5
IAWxf78Mo,"《Cost-Sensitive BERT for Generalisable Sentence Classification with Imbalanced Data》H T Madabushi, E Kochkina, M Castelle [University of Birmingham & University of Warwick & Alan Turing Institute] (2020) http://t.cn/A6ZMSiPl view:http://t.cn/A6ZMSiPW  [组图共10张] 原图 ",,无,无,无,2020-03-30 05:32,微博 weibo.com,12,27,3
IAWw50nvE,"《Bridging the Gap Between Spectral and Spatial Domains in Graph Neural Networks》M Balcilar, G Renton, P Heroux, B Gauzere, S Adam, P Honeine [University of Rouen Normandy] (2020) http://t.cn/A6ZMScPg view:http://t.cn/A6ZMScPd GitHub: http://t.cn/A6ZMScPr  [组图共17张] 原图 ",,无,无,无,2020-03-30 05:29,微博 weibo.com,35,81,11
IAWuCiOcy,"《Pairwise Multi-Class Document Classification for Semantic Relations between Wikipedia Articles》M Ostendorff, T Ruas, M Schubotz, G Rehm, B Gipp [DFKI GmbH & University of Wuppertal] (2020) http://t.cn/A6ZMSyZ7 view:http://t.cn/A6ZMSyZh GitHub: http://t.cn/A6Zw9HNk  [组图共12张] 原图 ",,无,无,无,2020-03-30 05:25,微博 weibo.com,6,16,4
IAWtRxEwu,"《ML-SIM: A deep neural network for reconstruction of structured illumination microscopy images》C N. Christensen, E N. Ward, P Lio, C F. Kaminski [University of Cambridge] (2020) http://t.cn/A6ZMSZK9 view:http://t.cn/A6ZMSZKK GitHub:http://t.cn/A6ZMSZKS Home:http://t.cn/A6ZMSZKo  [组图共11张] 原图 ",,无,无,无,2020-03-30 05:24,微博 weibo.com,6,17,4
IAWqtrMsG,"*《Spatio-Temporal Handwriting Imitation》M Mayr, M Stumpf, A Nikolaou, M Seuret, A Maier, V Christlein [Friedrich–Alexander-Universitat Erlangen–Nurnberg] (2020) http://t.cn/A6ZMaEoR view:http://t.cn/A6ZMaEoH GitHub:http://t.cn/A6ZMaEoQ  [组图共15张] 原图 ",,无,无,无,2020-03-30 05:15,微博 weibo.com,5,15,2
IB2YA5wd8,晚安~   爱可可-爱生活的微博视频  ,,无,无,无,2020-03-30 21:56,微博视频,28,6,3
IB2lnjQv8,是你吗？   原图 ,,无,无,无,2020-03-30 20:19,Mac客户端,63,24,9
IB26RADXk,很有画面感~   原图 ,,无,无,无,2020-03-30 19:43,Mac客户端,13,1,1
IAZyKkQrC,【Waymo开放数据集浏览器(WebGL)】’Waymo Open Dataset Viewer - A WebGL viewer for pointclouds of the Waymo Open Dataset' by Erik Ziegler GitHub: http://t.cn/A6ZxshO2  原图 ,,无,无,无,2020-03-30 13:14,Mac客户端,14,25,6
IAZwfuOzs,【Go语言版LeetCode题解】’go-leetcode - A collection of 100+ popular LeetCode problems that I've solved in Go.' by Austin Gebauer GitHub: http://t.cn/A6ZVuTSD  原图 ,,无,无,无,2020-03-30 13:08,Mac客户端,16,11,2
IAZrTr3qX,【下载纽约地铁旋转栅门数据】'NYC Subway Turnstile Data - NYC Subway Turnstile Data' by toddwschneider GitHub: http://t.cn/A6ZxglRX  [组图共2张] 原图 ,,无,无,无,2020-03-30 12:57,Mac客户端,8,12,1
IAZjlAgLK,【gmailctl：Gmail过滤器的声明式配置工具，比使用 Gmail 网页界面使用、维护更简单——自动分类、标注、归档和管理收件箱等】’gmailctl - Declarative configuration for Gmail filters' by Michele Bertasi GitHub: http://t.cn/A6Zx3ayy  原图 ,,无,无,无,2020-03-30 12:36,Mac客户端,7,3,1
IAOzxFg9E,十年“巨变”   原图 ,,无,无,无,2020-03-29 09:16,Mac客户端,142,50,17
IAOxRkt1s,2020进度：▓▓▓▓░░░░░░░░░░░ 24% ⛽️  ,,无,无,无,2020-03-29 09:11,Mac客户端,65,30,8
IAOs70ubE,《本周论文关注榜(2020.3.29)》  本周论文关注榜(2020.3.29)  ,,无,无,无,2020-03-29 08:57,微博 weibo.com,10,8,1
IAOkTCht7,【NAS的进化之路：数天到数小时】《How NAS was improved. From days to hours in search time》by Erik Lybecker http://t.cn/A6Zc9sdx  [组图共5张] 原图 ,,无,无,无,2020-03-29 08:39,Mac客户端,35,45,8
IAOikjmbE,【用于处理冲浪“行话”的语言不可知模型】《A Language agnostic model that can handle surf lingo》by Tim Isbister http://t.cn/A6ZcKpUC  原图 ,,无,无,无,2020-03-29 08:33,Mac客户端,4,3,0
IAObkicp4,【Jupyter已经是个成熟的IDE (nbdev+visual debugger)】《Jupyter is now a full-fledged IDE》by Dimitris Poulopoulos http://t.cn/A6ZcX1ab  [组图共5张] 原图 ,,无,无,无,2020-03-29 08:16,Mac客户端,74,74,18
IAWwClhW7,"《365 Dots in 2019: Quantifying Attention of News Sources》A C. Nwala, M C. Weigle, M L. Nelson [Old Dominion University] (2020) http://t.cn/A6ZMSIfG view:http://t.cn/A6ZMSIfb  [组图共10张] 原图 ",,无,无,无,2020-03-30 05:30,微博 weibo.com,3,7,0
IAJP2kerH,  原图 ,,无,无,无,2020-03-28 21:10,Mac客户端,61,15,7
IAJ2K5G5a,"【开源在线协同工作室】'matrix - the online open-source workplace inspired in sococo.com for distributed teams to have the experience of work together each day, side-by-side' GitHub: http://t.cn/A6Z50Hd2  [组图共3张] 原图 ",,无,无,无,2020-03-28 19:11,Mac客户端,22,42,11
IAIYZvQWY,【matplotlib实验性3D轴】'matplotlib-3d - Experimental 3D axis for matplotlib' by Nicolas P. Rougier GitHub: http://t.cn/A6Z5NY73  [组图共3张] 原图 ,,无,无,无,2020-03-28 19:02,Mac客户端,31,23,4
IAH6V9tDO,【视觉/语言预训练模型最新进展】'Recent Advances in Vision and Language PreTrained Models (VL-PTMs)' by WANG Yue GitHub: http://t.cn/A6ZqomNC  原图 ,,无,无,无,2020-03-28 14:16,Mac客户端,28,38,10
IAH5jzlPa,'TX-WORD2VEC - 腾讯word2vec模型缩小版' by cliuxinxin GitHub: http://t.cn/A6ZqS8fI  原图 ,,无,无,无,2020-03-28 14:12,Mac客户端,22,33,8
IAH2isIe8,【PM4Py：Python过程挖掘算法平台】’PM4Py - leading open source process mining platform written in Python' http://t.cn/A6ZqXnaP GitHub: http://t.cn/A6ZqXnaz  原图 ,,无,无,无,2020-03-28 14:04,Mac客户端,21,47,7
IAGYdibr0,【照片/图片自动着色】’DeOldify - Colorise Anime/Manga Sketches with DeOldify' by Dakini GitHub: http://t.cn/A6Zqiy0v  [组图共3张] 原图 ,,无,无,无,2020-03-28 13:54,Mac客户端,23,39,13
IAERwxF2I,《爱可可老师一周热门分享(2020.3.28)》  爱可可老师一周热门分享(2020.3.28)  ,,无,无,无,2020-03-28 08:32,微博 weibo.com,4,7,1
IAEJRFSjo,【梯度下降算法最新进展概览】《An updated overview of recent gradient descent algorithms》by John Chen http://t.cn/A6ZbFlcJ  [组图共2张] 原图 ,,无,无,无,2020-03-28 08:13,Mac客户端,75,135,31
IASIFbKMU,【BART文本摘要：用BART“提炼”经典书内容提要】《Text summarisation with BART》 http://t.cn/A6ZI2NUp  [组图共3张] 原图 ,,无,无,无,2020-03-29 19:49,Mac客户端,29,73,21
IAQNjr8rB,【生物医学信息提取相关资源大列表】'awesome-bioie - 🧫 A curated list of resources relevant to doing Biomedical Information Extraction (including BioNLP)' by Harry Caufield GitHub: http://t.cn/A6ZfwImf  原图 ,,无,无,无,2020-03-29 14:55,Mac客户端,30,35,6
IAQMPAmEC,【MakAir：又一款3D打印DIY呼吸机】’MakAir — Covid-19 Respirator - 🦠 3D printable Covid-19 DIY respirator (caused by the SARS-CoV-2 virus).' GitHub: http://t.cn/A6Zfw7SY  [组图共9张] 原图 ,,无,无,无,2020-03-29 14:54,Mac客户端,16,21,4
IAQLw4Phd,【Goyave：优雅的Go语言Web框架】’Goyave - 🍐 Elegant Golang Web Framework' by SystemGlitch GitHub: http://t.cn/Airscfg0  原图 ,,无,无,无,2020-03-29 14:51,Mac客户端,34,29,4
IAQgx3akJ,【torchlayers：PyTorch库，提供torch.nn层的自动形状/维度推理+最先进架构】’torchlayers - a library based on PyTorch providing automatic shape and dimensionality inference of torch.nn layers + additional building blocks featured in current SOTA architectures (e.g. Efficient-Net).' by Szymon Maszke GitHub: http://t.cn/A6ZVEjKG 原图 ,,无,无,无,2020-03-29 13:34,Mac客户端,31,47,17
IAPXj26zD,"【安全、可定制、可移植、注重隐私的简历生成器】'Reactive Resume - A one-of-a-kind resume builder that keeps your privacy in mind. Completely secure, customizable, portable, open-source and free forever' by Amruth Pillai GitHub: http://t.cn/A6ZVpj9o  [组图共3张] 原图 ",,无,无,无,2020-03-29 12:47,Mac客户端,40,38,11
